[{"projectUrl":"https://discordapp.com/invite/gsoft","provider":"Ganom","name":"Anonymizer","description":"Anonymizes your rsn and others.","id":"anonymizer-plugin","releases":[{"date":"2020-04-29","sha512sum":"B2567186BBA116EB9FD18B8BA5D1E67E82DED283CE7A9C2F9BE063129C13223BEB7437CC9D84B185200E409A192C9F98458C7B58D884E24B01677F02E4C27DD1","version":"5.14.0","url":"https://github.com/Ganom/ExternalPlugins/blob/master/release/Anonymizer-5.14.0.jar?raw=true","requires":"0.0.1"},{"date":"2020-06-09","sha512sum":"CA400A4421E53D9A1CA6703EBD8F759AC8F0509F4AB04D74A59AB1D2F7A84424E3D75171B7D3C69B47B09C215F0677541A6B66DFC367BCB79E788A47DA8DBD64","version":"5.15.0","url":"https://github.com/Ganom/ExternalPlugins/blob/master/release/Anonymizer-5.15.0.jar?raw=true","requires":"0.0.1"},{"date":"2020-06-18","sha512sum":"4794AA0A065BF043898CE30119A6DD43EC963CF743C9752590C50F32D3D0DAA911FD973046A9F7525CC4E5E2B57517276C3194CDDAF38F3D6AAE03CB26A6C697","version":"5.16.0","url":"https://github.com/Ganom/ExternalPlugins/blob/master/release/Anonymizer-5.16.0.jar?raw=true","requires":"0.0.1"},{"date":"2020-07-31","sha512sum":"DBF037735E6C078BA9CFC0F4F5BAAA1F597251EB70321E163FD1D3E30996CD9EA2A19368B24FD5C876D411093BCFB46DD5F167BB07385D11ADF522C027313449","version":"5.17.0","url":"https://github.com/Ganom/ExternalPlugins/blob/master/release/Anonymizer-5.17.0.jar?raw=true","requires":"0.0.1"},{"date":"2021-02-27","sha512sum":"1EB0075954DB3B6B8FB0B5CEC1CC6B92F3B0B2CEC6AFE5DB1337C6A388681DA93450F95311EABC870AF14D6FA8507D4E238439BD7B54ADC5ACAFAE59BB31458F","version":"6.0.0","url":"https://github.com/Ganom/ExternalPlugins/blob/master/release/Anonymizer-6.0.0.jar?raw=true","requires":"^1.0.0"},{"date":"2021-05-26","sha512sum":"6CFA6EF0C2BE55EC29AB74AB38412F3FCB969BD804AB76D84406F3AA68B458056DFC8D1E32DB13DA134548A5266D40FB7DA737995820B53FB791D922AB60DD5A","version":"6.1.0","url":"https://github.com/Ganom/ExternalPlugins/blob/master/release/Anonymizer-6.1.0.jar?raw=true","requires":"^1.0.0"}]}, {"projectUrl":"https://discordapp.com/invite/gsoft","provider":"Ganom","name":"AutoClicker","description":"What more is there to say?","id":"autoclicker-plugin","releases":[{"date":"2020-04-29","sha512sum":"D2338FFD9299F3D5A2B57C271BC0C62DCA1E6DCA08ECB93E1350E25B56A7FD1C9B51F85AE2C2C07522EBB0639DF699CEFF934440C3F93664168100F83CE2A336","version":"5.12.0","url":"https://github.com/Ganom/ExternalPlugins/blob/master/release/AutoClicker-5.12.0.jar?raw=true","requires":"0.0.1"},{"date":"2020-06-09","sha512sum":"F09D5DFCF388A0625B050A0BE9930A070D6DBDD4A908337AC6A1F456EDD1088CCE14555DE3E58FAFBF76A29A81EB89E7F284C972E802C70A7D3EE153EBCE4394","version":"5.13.0","url":"https://github.com/Ganom/ExternalPlugins/blob/master/release/AutoClicker-5.13.0.jar?raw=true","requires":"0.0.1"},{"date":"2020-06-18","sha512sum":"5F1F846C708A41FB0CF9A5C7CADB8C8B98E45E36D6AB2F6078A274D480E7F0AE15F27712974EFA542B080B24D50AE0EF47EBFBE11842CE525F9324B4056AB3DE","version":"5.14.0","url":"https://github.com/Ganom/ExternalPlugins/blob/master/release/AutoClicker-5.14.0.jar?raw=true","requires":"0.0.1"},{"date":"2020-07-31","sha512sum":"4DB24C2C50D47011175CB5AF27FFF4A893663D373EFC6BF14587371C7763FDE7316EB55A855BD08D9E4F51838DC3AC45C8296F950AB283A56FE173AB29499130","version":"5.15.0","url":"https://github.com/Ganom/ExternalPlugins/blob/master/release/AutoClicker-5.15.0.jar?raw=true","requires":"0.0.1"},{"date":"2021-02-27","sha512sum":"C4DDB021C0B61DA2DE22C0589E5535B2ED17A8EA11469DDEDFCEC5E6AD2EB6F66221069B78B43F9A7E8C08F2F0B7EFF478DFF49E83023337195F267F9D0E5110","version":"6.0.0","url":"https://github.com/Ganom/ExternalPlugins/blob/master/release/AutoClicker-6.0.0.jar?raw=true","requires":"^1.0.0"},{"date":"2021-05-26","sha512sum":"265B45DD728AF8C5EA28B5C402F1B8687686251CA271F343A1EDAD5026987BF10AF5632CE3BD051F04BFEB930E5F82828D39F3DE2947729542993A0D72ED6411","version":"6.1.0","url":"https://github.com/Ganom/ExternalPlugins/blob/master/release/AutoClicker-6.1.0.jar?raw=true","requires":"^1.0.0"}]}, {"projectUrl":"https://discordapp.com/invite/gsoft","provider":"Ganom","name":"AutoPrayFlick","description":"Use plugin in PvP situations for best results.","id":"autoprayflick-plugin","releases":[{"date":"2020-04-29","sha512sum":"FB709D437B0EE3639885E1CAD2A2E500AEAEDD7E006ADB33A825301AD9827A8062BD007CBAB3384DCED701FBE91D033FB0D025A84A409ABB2ED50EFEAA3C8401","version":"5.11.0","url":"https://github.com/Ganom/ExternalPlugins/blob/master/release/AutoPrayFlick-5.11.0.jar?raw=true","requires":"0.0.1"},{"date":"2020-06-09","sha512sum":"579A90DF490F1282CA96E32083238C36D8E89B02A93AA67D16B317A3D560E7009C79149D24A6A2FAC0ED4430B3F59FF0448E5E042A955ECE6DD30882EDE7052F","version":"5.12.0","url":"https://github.com/Ganom/ExternalPlugins/blob/master/release/AutoPrayFlick-5.12.0.jar?raw=true","requires":"0.0.1"},{"date":"2020-06-18","sha512sum":"9525B9446E65BDC2C49E60ED37292C7853FC540792304F1BD822E7D9511300E9DF40013909A4FD9206C3B992FD5F287481FE9F44C595A169760D11D4B53ABBC7","version":"5.13.0","url":"https://github.com/Ganom/ExternalPlugins/blob/master/release/AutoPrayFlick-5.13.0.jar?raw=true","requires":"0.0.1"},{"date":"2020-07-31","sha512sum":"3C52FEA4845617321C25F46FAFC249217F9EF7675AA2C3455ECD228C55A03995F4A59C6BA6B449117A95B8930FD90687E167FF192379B9614EAC6EBDC501546F","version":"5.14.0","url":"https://github.com/Ganom/ExternalPlugins/blob/master/release/AutoPrayFlick-5.14.0.jar?raw=true","requires":"0.0.1"},{"date":"2020-10-30","sha512sum":"0EA260A1ABBDDADF05F85B181FD570DA843932305D771ED0919AAF03F89C3337E12CE32061A5FD7589A826C12CF23097F02D7793FEB1DB728CDB24A729330BB3","version":"5.15.0","url":"https://github.com/Ganom/ExternalPlugins/blob/master/release/AutoPrayFlick-5.15.0.jar?raw=true","requires":"0.0.1"},{"date":"2021-02-27","sha512sum":"28571252068B81577B1BE6CBFAF1738225AE90B68E0FDF0773411CFC61544CB000A815F6B3CB7A969298F316D4C0541DADBC255891D99580C4A4F5CA682E560E","version":"6.0.0","url":"https://github.com/Ganom/ExternalPlugins/blob/master/release/AutoPrayFlick-6.0.0.jar?raw=true","requires":"^1.0.0"},{"date":"2021-05-26","sha512sum":"B7E176C689679AFB05F6CB93B106324B752048535D975AD971546957D8BF1980369D8BEF9261D375AB5E95D59D72FE97F50CED823F62826D0F8BC4CA6934E9CA","version":"6.1.0","url":"https://github.com/Ganom/ExternalPlugins/blob/master/release/AutoPrayFlick-6.1.0.jar?raw=true","requires":"^1.0.0"}]}, {"projectUrl":"https://discordapp.com/invite/gsoft","provider":"Ganom","name":"BasicBossSwapper","description":"Does stuff and things.","id":"basicbossswapper-plugin","releases":[{"date":"2020-05-05","sha512sum":"CAF98319E16A3938D3524539B7641D630A99F0C0F6905AB1AEBCD76C42A86C389D9C1B12FD7CAA6BDA1E202D6BC2B876C4363D92DDEC97EBA0FB5E0F4259A7CE","version":"5.12.0","url":"https://github.com/Ganom/ExternalPlugins/blob/master/release/BossSwapper-5.12.0.jar?raw=true","requires":"0.0.1"},{"date":"2020-06-09","sha512sum":"35A25E78E5AF8A957170EAF1C3478647F4519DF06881F06057043F578B4ECA1BE0859BF3CBFA794AEA8A22FB2B272CDD9888042A4D861D2BE1F93A0D89321FE7","version":"5.13.0","url":"https://github.com/Ganom/ExternalPlugins/blob/master/release/BossSwapper-5.13.0.jar?raw=true","requires":"0.0.1"},{"date":"2020-06-18","sha512sum":"499B9D887C5B56B256001ACC521C2FC1EAA2D94448F391D2352A84D8BD46BA0821203F85180215217368DA268BDD92C04DC92F63EC8F2F008B322FEAC7D99CF8","version":"5.14.0","url":"https://github.com/Ganom/ExternalPlugins/blob/master/release/BossSwapper-5.14.0.jar?raw=true","requires":"0.0.1"},{"date":"2020-07-31","sha512sum":"3F75B9927004091B869503692B735022A068EED4C10C49781474B30829E1F33921A0AE447860BE6A619D3DE8278C983A1E1C0A38FE5FC3B0C271E6D6EE44B970","version":"5.15.0","url":"https://github.com/Ganom/ExternalPlugins/blob/master/release/BossSwapper-5.15.0.jar?raw=true","requires":"0.0.1"},{"date":"2021-02-27","sha512sum":"99B9B7029CA650584665A5F6A0207C0253FEE7F9CB54A39F7F18104C34E3B31B3B4E1339E35DB5B981A1E2C6EB51D64ED13CE87410583FFC8D8401F84B805E46","version":"6.0.0","url":"https://github.com/Ganom/ExternalPlugins/blob/master/release/BossSwapper-6.0.0.jar?raw=true","requires":"^1.0.0"},{"date":"2021-05-26","sha512sum":"C3D1FD5172495B2FB63DD0548005161FBCA03BFC8768B0608686CE1E4B50825646B3CFDB9C46FA96F5F57593D308E243126AA90EE838D9F3D11F9BA55C89373D","version":"6.1.0","url":"https://github.com/Ganom/ExternalPlugins/blob/master/release/BossSwapper-6.1.0.jar?raw=true","requires":"^1.0.0"}]}, {"projectUrl":"https://discordapp.com/invite/gsoft","provider":"Ganom","name":"CustomSwapper","description":"Use plugin in PvP situations for best results.","id":"customswapper-plugin","releases":[{"date":"2020-04-29","sha512sum":"332AA0D781389D91F4E665C479293F34FD1321500379C03176798EED94BA9B16D704D8BD54122DC541FD5867829A42D80C8663C1A87BF1BFCE6FC9F9722778CD","version":"5.12.0","url":"https://github.com/Ganom/ExternalPlugins/blob/master/release/CustomSwapper-5.12.0.jar?raw=true","requires":"0.0.1"},{"date":"2020-06-09","sha512sum":"EC733448F57E8F07A7E67D713F3CF40CC3C3DB40F9B9C5C7424DC162388CD210D84F955BECDA0D74394A86A044427F3910228A8EF01F9E0B80B4D0477164D1DC","version":"5.13.0","url":"https://github.com/Ganom/ExternalPlugins/blob/master/release/CustomSwapper-5.13.0.jar?raw=true","requires":"0.0.1"},{"date":"2020-06-18","sha512sum":"B7410BC3CCD484D80DA6F42338B72F72BC95A7DDCBFFB4A7974DB13B8C9BC9BA473C2EAC044860323A3A0DFF4E06B08646E17FBD16158349171453F40F17C44B","version":"5.14.0","url":"https://github.com/Ganom/ExternalPlugins/blob/master/release/CustomSwapper-5.14.0.jar?raw=true","requires":"0.0.1"},{"date":"2020-07-31","sha512sum":"C6CD49601927BF69EACC13F164C16BDA241163EEE851C163E7846F752982AA541C71E59218871F5713B26DFB6996B07488459496B1A09A183F7EAB57422D58DE","version":"5.15.0","url":"https://github.com/Ganom/ExternalPlugins/blob/master/release/CustomSwapper-5.15.0.jar?raw=true","requires":"0.0.1"},{"date":"2021-02-27","sha512sum":"C53AD2B019D54248CFD8BCBC7A31EB77459C86A441F16CB786BAD84A40B77B93041C1C0B6788E202E02AAB85C52593245CAD715B79DA89B278E97C4491E04413","version":"6.0.0","url":"https://github.com/Ganom/ExternalPlugins/blob/master/release/CustomSwapper-6.0.0.jar?raw=true","requires":"^1.0.0"},{"date":"2021-05-26","sha512sum":"22CE21577D30325F075A3474096D3A65FF0D5CDF31F2BF7968E2151FF398D0B5E9A1AA5183ABB41762C61184C9CC5F3F6B915C53798DF25C469C5236423E13DB","version":"6.1.0","url":"https://github.com/Ganom/ExternalPlugins/blob/master/release/CustomSwapper-6.1.0.jar?raw=true","requires":"^1.0.0"}]}, {"projectUrl":"https://discordapp.com/invite/gsoft","provider":"Ganom","name":"ExtUtils","description":"Utils required for plugins to function.","id":"extutils-plugin","releases":[{"date":"2020-04-29","sha512sum":"B30ABF6A0AF4CAD2E3A234BDF50F5EBE0928222F996783991BFFA287B2AE80BB3389527C59C4C1A9CE19FE534207372272624ABF2618493FC8AAA3FB7D27F2D4","version":"5.11.0","url":"https://github.com/Ganom/ExternalPlugins/blob/master/release/ExtUtils-5.11.0.jar?raw=true","requires":"0.0.1"},{"date":"2020-06-09","sha512sum":"D8A479BF626E42949A8C45663E07B0CC18B77F9D2DD7F3D6E12082F59A6DBD81D7298F452E6EEA1312A7C444AAA9FC3683C5B7A4211ADF7A0C84A75A0343B4BD","version":"5.12.0","url":"https://github.com/Ganom/ExternalPlugins/blob/master/release/ExtUtils-5.12.0.jar?raw=true","requires":"0.0.1"},{"date":"2020-06-18","sha512sum":"84F2B1DEEC7793960320120F4729F627A7228F1E467AA466833022FEA24E21AC6CCD9097479D7C2CF5E7D8FF7F9206F180260ADEA7C6BA37FF68D611DA074E60","version":"5.13.0","url":"https://github.com/Ganom/ExternalPlugins/blob/master/release/ExtUtils-5.13.0.jar?raw=true","requires":"0.0.1"},{"date":"2020-07-31","sha512sum":"32B39D574BA6598BF52D7170D134F513701AB6CB4D8E91A1B561228D3B0A07674316AC0579205B172C888B56BA54F7BE14D9C533D3C4C757E7ACC53E995B7CF1","version":"5.14.0","url":"https://github.com/Ganom/ExternalPlugins/blob/master/release/ExtUtils-5.14.0.jar?raw=true","requires":"0.0.1"},{"date":"2021-02-27","sha512sum":"D2C78DAE55F98D073B44E07B0AE343DCD47692410089D82B941BC7AA887042B17557A289483477B4236742777DDA96E37095D8C6400C6D66A83016E29D318307","version":"6.0.0","url":"https://github.com/Ganom/ExternalPlugins/blob/master/release/ExtUtils-6.0.0.jar?raw=true","requires":"^1.0.0"},{"date":"2021-05-26","sha512sum":"8DEC4C81A0EF7C99F8A00AD045CE859962965B179450CFA24DE42E8DC96674C36836B0ED9601B16461C2FE0C159E2747B10C91A36FDBE509D345AB53A35CABE4","version":"6.1.0","url":"https://github.com/Ganom/ExternalPlugins/blob/master/release/ExtUtils-6.1.0.jar?raw=true","requires":"^1.0.0"}]}, {"projectUrl":"https://discordapp.com/invite/gsoft","provider":"Ganom","name":"ItemDropper","description":"Drops Items.","id":"itemdropper-plugin","releases":[{"date":"2020-04-29","sha512sum":"1C55E7AF893393D1C382C1CE58C15A343963C949CCFFB3A8DC000F42C684B3F3DB0ECF430A998C8DFDD1C31AD6F91272EAA8C515D28D7A9F8C10C113322ED41C","version":"5.11.0","url":"https://github.com/Ganom/ExternalPlugins/blob/master/release/ItemDropper-5.11.0.jar?raw=true","requires":"0.0.1"},{"date":"2020-06-09","sha512sum":"E1344796CA8D07F0EF1757E65DFDB7559D73F527A2849FD5B170EFB70F4A984BFCC1B024D3AC65F205BC4B273D23CE717092E4B584041005D36276A3654B5B42","version":"5.12.0","url":"https://github.com/Ganom/ExternalPlugins/blob/master/release/ItemDropper-5.12.0.jar?raw=true","requires":"0.0.1"},{"date":"2020-06-18","sha512sum":"8230268D47EB3687A011232D5C7C68DA2EA11956294F315AF83929DC73C17B61D4210BC129AAFA43BEFD5E595C96585E07E17D9071BEF3D9C0FD975D0B15A528","version":"5.13.0","url":"https://github.com/Ganom/ExternalPlugins/blob/master/release/ItemDropper-5.13.0.jar?raw=true","requires":"0.0.1"},{"date":"2020-07-31","sha512sum":"C1FBB350A14C3C758F93BB3B8B37213AFA793886B4D5AC4CB3C5E32E580F813578C4B4978689C8CC4D54C2179371759FE9FD8CB2D4E5D556A62C6B7D0DA9AA61","version":"5.14.0","url":"https://github.com/Ganom/ExternalPlugins/blob/master/release/ItemDropper-5.14.0.jar?raw=true","requires":"0.0.1"},{"date":"2021-02-27","sha512sum":"FF2E9AB8B3FEF19AC343CE8B13B276D0E9DB297BDF619F0E65983A161EBE62AECFAABBA903FD104DF85D622670D7989269F5BF0FC3241858CADA8915295BB5EE","version":"6.0.0","url":"https://github.com/Ganom/ExternalPlugins/blob/master/release/ItemDropper-6.0.0.jar?raw=true","requires":"^1.0.0"},{"date":"2021-05-26","sha512sum":"9EA32DB964E682CF2E1D546A17A7A8976B8871BF33BE70228EA7B73241278F5278502F73892F438276A2D2705A14140D3D49D438E7A8C5CAF5A8D17BFE5C65FA","version":"6.1.0","url":"https://github.com/Ganom/ExternalPlugins/blob/master/release/ItemDropper-6.1.0.jar?raw=true","requires":"^1.0.0"}]}, {"projectUrl":"https://discordapp.com/invite/gsoft","provider":"Ganom","name":"LeftClickCast","description":"Casting made even easier.","id":"leftclickcast-plugin","releases":[{"date":"2020-04-29","sha512sum":"9D294D03DBE0B95B3B407DFE89C99202E2934AD2233AD0A7A2F482E567529658AB2693B1DDE3413CF9396BA09CDA7BFD500070C59E9B6C74E09A21C626808ED0","version":"5.11.0","url":"https://github.com/Ganom/ExternalPlugins/blob/master/release/LeftClickCast-5.11.0.jar?raw=true","requires":"0.0.1"},{"date":"2020-06-09","sha512sum":"11C34B97E9AEA765A26A117A2DC3C2F62D9F92C3875F59FC986F355DDC59289D1BD25CC5D69B54A7E4B20018A559492C488E71F2D809053B3E9FE6ED501C1A38","version":"5.12.0","url":"https://github.com/Ganom/ExternalPlugins/blob/master/release/LeftClickCast-5.12.0.jar?raw=true","requires":"0.0.1"},{"date":"2020-06-18","sha512sum":"B3737933EB9076C29902AEC2885D9CD66962DBADFB8930F4BB4C314FE50B6BBCEB5E9F3837D9550FBC619AD2A5ADB4C29535C836449A5F334F5C50E28B452D70","version":"5.13.0","url":"https://github.com/Ganom/ExternalPlugins/blob/master/release/LeftClickCast-5.13.0.jar?raw=true","requires":"0.0.1"},{"date":"2020-07-31","sha512sum":"BB2DF570180D09F5DEC88DD247D51E585CF6FD14C4DE20869C6661897AE0BFE3D0AF9347867B90E4C9BDB21D440579929A2E5A7365DB0B4CE049A47DBD4DC93D","version":"5.14.0","url":"https://github.com/Ganom/ExternalPlugins/blob/master/release/LeftClickCast-5.14.0.jar?raw=true","requires":"0.0.1"},{"date":"2020-11-18","sha512sum":"8409657563E8C4C122E17323FB6A53C3D8490809DBC4277CF12DC6E908F13FCA40D0368202F5FF2F5BC3BAA5438FC456361E342E4F53EA88D1472745CBCD2673","version":"5.15.0","url":"https://github.com/Ganom/ExternalPlugins/blob/master/release/LeftClickCast-5.15.0.jar?raw=true","requires":"0.0.1"},{"date":"2021-02-27","sha512sum":"98B3D4C26DE22A33365FC76522097BE2CBF16086BC403C20B586C39A3B7F07B1A20201C5991C95505EDC2E19718C2C209B93251A684B12C49F9AA6F440EA5143","version":"6.0.0","url":"https://github.com/Ganom/ExternalPlugins/blob/master/release/LeftClickCast-6.0.0.jar?raw=true","requires":"^1.0.0"},{"date":"2021-05-26","sha512sum":"5094D4D83AF7168D81F1F94DBBBEC91933B295FE2023D657ABA4523140EA6C8E884FD00A3F39DBAE081A505CBF18E1A1D515344D394ADBDB9EF3D6E92751770A","version":"6.1.0","url":"https://github.com/Ganom/ExternalPlugins/blob/master/release/LeftClickCast-6.1.0.jar?raw=true","requires":"^1.0.0"}]}, {"projectUrl":"https://discordapp.com/invite/gsoft","provider":"Ganom","name":"NeverLog","description":"This makes it so you'll never logout during the 6h period.","id":"neverlog-plugin","releases":[{"date":"2020-04-29","sha512sum":"E8A69B0441E1F9805CFF48DC00C52688F81151BDFEBBE6D53B9450ECCFC14D3A3EA40EA8EF5B630CB0367D127751BC643C0EC4EED451E7623F45BA1BC1F60C4F","version":"5.11.0","url":"https://github.com/Ganom/ExternalPlugins/blob/master/release/NeverLog-5.11.0.jar?raw=true","requires":"0.0.1"},{"date":"2020-06-09","sha512sum":"6FF856E382D554F699DC6C00A036B1A753081D83BCCF202EC7E69157F4E4A984701E7488A688C7667BDC346494F2DE9A77CEF9831EC197DC1964F495686D4380","version":"5.12.0","url":"https://github.com/Ganom/ExternalPlugins/blob/master/release/NeverLog-5.12.0.jar?raw=true","requires":"0.0.1"},{"date":"2020-06-18","sha512sum":"8BFF6699627682F21A53CDB7BF6D127E636AE790017CA662979E4EABFEBF724F86F8F98D45B9A000281AFE2AD82676882FEF8E6F59D0245C80251D0EC1E454B8","version":"5.13.0","url":"https://github.com/Ganom/ExternalPlugins/blob/master/release/NeverLog-5.13.0.jar?raw=true","requires":"0.0.1"},{"date":"2020-07-31","sha512sum":"A1676242ECE52CF7C643F5DEDBA12C995494F8DEDF7D1C97247DB7771BC800F8D35FABC968274969A9281297D1CB478DD3B8F427B8536A4A66E6887A19B4FBB3","version":"5.14.0","url":"https://github.com/Ganom/ExternalPlugins/blob/master/release/NeverLog-5.14.0.jar?raw=true","requires":"0.0.1"},{"date":"2021-02-27","sha512sum":"DFDBF0DFB5AECD7D3ECB53D4AE02A5120F7030F21C3BCCB14953D2E500011BE15D516AD7785040DC1D83570F4D08D119F468D6A1D3E56B88E7A6B9A173836722","version":"6.0.0","url":"https://github.com/Ganom/ExternalPlugins/blob/master/release/NeverLog-6.0.0.jar?raw=true","requires":"^1.0.0"},{"date":"2021-05-26","sha512sum":"B0884ECE17536014CD1AB39597B07F31016ACEEA7275F2E99069AC0CB6936893FFC027E33DF9BF2DA5AFE35B8C3EB0B622B588AB2713661944CF225E468AB71F","version":"6.1.0","url":"https://github.com/Ganom/ExternalPlugins/blob/master/release/NeverLog-6.1.0.jar?raw=true","requires":"^1.0.0"}]}, {"projectUrl":"https://discordapp.com/invite/gsoft","provider":"Ganom","name":"OneClick","description":"OP One Click methods.","id":"oneclick-plugin","releases":[{"date":"2020-04-29","sha512sum":"3F2460F275174F0325D668C39A429722D7A8DF23B043A51E1EFCD9D939EE651B4D10A2F6871D62C11D58236EE8B5729436ABF30AAA84C13B8072F53459265D73","version":"5.11.0","url":"https://github.com/Ganom/ExternalPlugins/blob/master/release/OneClick-5.11.0.jar?raw=true","requires":"0.0.1"},{"date":"2020-06-09","sha512sum":"41F01B6E5D83D5D7986284B9683E7AE8E7B6EE2D76D95D89313EFD3E40D94437F4777567AA0AF4039C9E23447DCB7FFD72D60724B2E434210782AEF0C153A5D0","version":"5.12.0","url":"https://github.com/Ganom/ExternalPlugins/blob/master/release/OneClick-5.12.0.jar?raw=true","requires":"0.0.1"},{"date":"2020-06-18","sha512sum":"866434FF9A036012688005495316D4E98920D9F389DA87698E0B06483E557EE36953FAE5C16B19ABBC1769007C355D56D4F99A156B5AD1DBB39B29A4F074F5EF","version":"5.13.0","url":"https://github.com/Ganom/ExternalPlugins/blob/master/release/OneClick-5.13.0.jar?raw=true","requires":"0.0.1"},{"date":"2020-07-31","sha512sum":"10DCE42F79733EAF0E927316A009471C5F0F7A996DF8CC92DC65FF97E211463616C549AF265F760A61DF7499DA838F1E4F8F08E56CFE22D4969F3AAD144B45E3","version":"5.14.0","url":"https://github.com/Ganom/ExternalPlugins/blob/master/release/OneClick-5.14.0.jar?raw=true","requires":"0.0.1"},{"date":"2021-02-27","sha512sum":"DA62E1C923D88786080B8779F06B9530E46792016B99D4D45C5940B91860979BFBE4D0645AA408F587BDC5A34E52992D44715A82FABC228324B912D7247EA709","version":"6.0.0","url":"https://github.com/Ganom/ExternalPlugins/blob/master/release/OneClick-6.0.0.jar?raw=true","requires":"0.0.1"},{"date":"2021-02-27","sha512sum":"AE97061C0358228C9B48D7400E8AD62DAD352E74DA386DCD2A9B5FC35C2DF6542B062D3EB99122595A027DA88F013B66DB2EF37FD8FDA3540FE84E68FA5321B0","version":"6.0.1","url":"https://github.com/Ganom/ExternalPlugins/blob/master/release/OneClick-6.0.1.jar?raw=true","requires":"^1.0.0"},{"date":"2021-02-28","sha512sum":"3EDFC7E79E5A1E8C876B4F2E9DEFB804859ACA1EB39B6EB4609094968D3181BA8C013B613ECF163383D30F65E150297C1815B4A7873DCD311FF2862C91866F22","version":"6.0.2","url":"https://github.com/Ganom/ExternalPlugins/blob/master/release/OneClick-6.0.2.jar?raw=true","requires":"^1.0.0"},{"date":"2021-03-24","sha512sum":"962BA76760162ED7F892C87F12BFF9CED83D6740BF626EAB4C7BB1EC104516B76E7F5980767AADE03F218E9D0A0CF56D59DD6C989B4A4831A90DB7E4EF41464B","version":"6.0.3","url":"https://github.com/Ganom/ExternalPlugins/blob/master/release/OneClick-6.0.3.jar?raw=true","requires":"^1.0.0"},{"date":"2021-03-24","sha512sum":"7E7200D7977734F3DB82C2534B911B7C5E4EC3C8ED2355B3D4FFD04F920752A4533B01367A3B601F16D25358111806A3C1E486CE5FFED391879678116D8180CB","version":"6.0.4","url":"https://github.com/Ganom/ExternalPlugins/blob/master/release/OneClick-6.0.4.jar?raw=true","requires":"^1.0.0"},{"date":"2021-03-24","sha512sum":"D53A83C643C47948203005F1F6CD5469C52BAAE3741990539AAD8E9E19B17B6AD90F5DF8B76451DFEECEB0669572CEB2FADD09F409D65AA55031B0A31F9791F3","version":"6.0.5","url":"https://github.com/Ganom/ExternalPlugins/blob/master/release/OneClick-6.0.5.jar?raw=true","requires":"^1.0.0"},{"date":"2021-05-26","sha512sum":"92B173778965BE3B1A89B21B0DCE157B2907BF26DF3F9C7D2FB9A8B5976577E4B97407B2C8000BE5C2C124C107250815666D918EA5837DCD62DA84C670030CB1","version":"6.1.0","url":"https://github.com/Ganom/ExternalPlugins/blob/master/release/OneClick-6.1.0.jar?raw=true","requires":"^1.0.0"}]}]
